[
  {
    "id": "c2e5ca48-81df-4096-b140-a4f8331c7cb3",
    "data": [
      {
        "text": "end now",
        "meta": "@sys.ignore",
        "userDefined": false
      }
    ],
    "isTemplate": false,
    "count": 0,
    "lang": "en",
    "updated": 0
  },
  {
    "id": "db3c9a19-9944-4f11-8c7a-fa51cab697f4",
    "data": [
      {
        "text": "leave now",
        "userDefined": false
      }
    ],
    "isTemplate": false,
    "count": 0,
    "lang": "en",
    "updated": 0
  },
  {
    "id": "1654cd67-df6b-409b-9a20-ed70b42f10a3",
    "data": [
      {
        "text": "leave",
        "userDefined": false
      }
    ],
    "isTemplate": false,
    "count": 0,
    "lang": "en",
    "updated": 0
  },
  {
    "id": "b61fae44-243a-4267-b761-50fd7cdb6554",
    "data": [
      {
        "text": "finish",
        "userDefined": false
      }
    ],
    "isTemplate": false,
    "count": 0,
    "lang": "en",
    "updated": 0
  },
  {
    "id": "c00523e6-6650-4108-8118-eb5e38f72ac5",
    "data": [
      {
        "text": "quit",
        "userDefined": false
      }
    ],
    "isTemplate": false,
    "count": 0,
    "lang": "en",
    "updated": 0
  },
  {
    "id": "ce43e20e-5806-4f91-a929-6e3e5c330a54",
    "data": [
      {
        "text": "end",
        "meta": "@sys.ignore",
        "userDefined": false
      }
    ],
    "isTemplate": false,
    "count": 0,
    "lang": "en",
    "updated": 0
  },
  {
    "id": "2425f0fa-2018-4daf-8894-c3ca14884022",
    "data": [
      {
        "text": "thanks, bye",
        "userDefined": false
      }
    ],
    "isTemplate": false,
    "count": 0,
    "lang": "en",
    "updated": 0
  },
  {
    "id": "530a3187-7fb9-469e-b859-2b4d79bac2b9",
    "data": [
      {
        "text": "ok,bye",
        "userDefined": false
      }
    ],
    "isTemplate": false,
    "count": 0,
    "lang": "en",
    "updated": 0
  },
  {
    "id": "78539bf6-b74c-4bb5-910d-b3836f030f1a",
    "data": [
      {
        "text": "bye",
        "userDefined": false
      }
    ],
    "isTemplate": false,
    "count": 0,
    "lang": "en",
    "updated": 0
  }
]